category,effect_ids,source_role,evidence_strength,all_retained_trials_passed
steady_wind,job_config.wind,constant_wind_and_obstacles,two_seed_successful_flight_and_runtime_readback,True
obstacles,scenario_config.obstacles,constant_wind_and_obstacles,two_seed_successful_flight_and_entity_creation_readback,True
gust_and_turbulence,wind_gusts,gust_noise_payload_and_actuator_delay,three_successful_flights_and_generated_sdf_readback,True
sensor_noise,sensor_degradation.baro_noise_m|sensor_degradation.gps_noise_m|sensor_degradation.imu_noise_scale,gust_noise_payload_and_actuator_delay,barometer_and_imu_successful_flight_plus_gps_readiness_boundary,False
payload_mass_and_inertia,battery.mass_payload_kg,gust_noise_payload_and_actuator_delay,three_successful_flights_and_generated_sdf_readback,True
actuator_first_order_delay,scenario_type.actuator_delay,gust_noise_payload_and_actuator_delay,three_successful_flights_and_generated_sdf_readback,True
deterministic_seeded_gps_dropout,sensor_degradation.dropout_rate,gps_dropout_and_battery,flight_timed_parameter_readback_gps_telemetry_and_ulog_transition,False
battery_initial_state_and_voltage_sag,battery.initial_percent|battery.voltage_sag,gps_dropout_and_battery,flight_timed_parameter_readback_and_battery_telemetry,False
actuator_hard_failure,scenario_type.actuator_failure,hard_actuator_failure,generated_sdf_plus_failed_and_healthy_rotor_joint_state_readback,False
